{
	"design__max_slew_violation__count__corner:nom_typ_1p20V_25C": 0,
	"design__max_fanout_violation__count__corner:nom_typ_1p20V_25C": 0,
	"design__max_cap_violation__count__corner:nom_typ_1p20V_25C": 0,
	"power__internal__total": 4.09955e-05,
	"power__switching__total": 0,
	"power__leakage__total": 7.36383e-09,
	"power__total": 4.10028e-05,
	"clock__skew__worst_hold__corner:nom_typ_1p20V_25C": -0.250306,
	"clock__skew__worst_setup__corner:nom_typ_1p20V_25C": 0.250325,
	"timing__hold__ws__corner:nom_typ_1p20V_25C": 0.0914732,
	"timing__setup__ws__corner:nom_typ_1p20V_25C": 7.36627,
	"timing__hold__tns__corner:nom_typ_1p20V_25C": 0,
	"timing__setup__tns__corner:nom_typ_1p20V_25C": 0,
	"timing__hold__wns__corner:nom_typ_1p20V_25C": 0,
	"timing__setup__wns__corner:nom_typ_1p20V_25C": 0,
	"timing__hold_vio__count__corner:nom_typ_1p20V_25C": 0,
	"timing__hold_r2r__ws__corner:nom_typ_1p20V_25C": 0.091473,
	"timing__hold_r2r_vio__count__corner:nom_typ_1p20V_25C": 0,
	"timing__setup_vio__count__corner:nom_typ_1p20V_25C": 0,
	"timing__setup_r2r__ws__corner:nom_typ_1p20V_25C": 8.8499,
	"timing__setup_r2r_vio__count__corner:nom_typ_1p20V_25C": 0,
	"flow__warnings__count": 0,
	"flow__errors__count": 0
}