{
    "time": {
        "cpu_time_user": "00:00:06.809",
        "cpu_time_system": "00:00:00.250",
        "runtime": "00:00:04.714",
        "cpu_time_iowait": "00:00:00.000"
    },
    "peak_resources": {
        "cpu_percent": 238.5,
        "memory_rss": "558MiB",
        "memory_vms": "1GiB",
        "threads": 10
    },
    "avg_resources": {
        "cpu_percent": 142.89374999999998,
        "memory_rss": "385MiB",
        "memory_vms": "1GiB",
        "threads": 5.833333333333333
    }
}