{
    "time": {
        "cpu_time_user": "00:00:06.480",
        "cpu_time_system": "00:00:00.100",
        "runtime": "00:00:06.641",
        "cpu_time_iowait": "00:00:00.000"
    },
    "peak_resources": {
        "cpu_percent": 109.6,
        "memory_rss": "214MiB",
        "memory_vms": "505MiB",
        "threads": 1
    },
    "avg_resources": {
        "cpu_percent": 96.16176470588235,
        "memory_rss": "149MiB",
        "memory_vms": "313MiB",
        "threads": 0.9852941176470589
    }
}