{
	"design__max_slew_violation__count__corner:nom_typ_1p20V_25C": 0,
	"design__max_fanout_violation__count__corner:nom_typ_1p20V_25C": 0,
	"design__max_cap_violation__count__corner:nom_typ_1p20V_25C": 0,
	"power__internal__total": 6.38215e-05,
	"power__switching__total": 7.62834e-06,
	"power__leakage__total": 1.03049e-08,
	"power__total": 7.14602e-05,
	"clock__skew__worst_hold__corner:nom_typ_1p20V_25C": -0.250151,
	"clock__skew__worst_setup__corner:nom_typ_1p20V_25C": 0.25016,
	"timing__hold__ws__corner:nom_typ_1p20V_25C": 0.043767,
	"timing__setup__ws__corner:nom_typ_1p20V_25C": 7.14597,
	"timing__hold__tns__corner:nom_typ_1p20V_25C": 0,
	"timing__setup__tns__corner:nom_typ_1p20V_25C": 0,
	"timing__hold__wns__corner:nom_typ_1p20V_25C": 0,
	"timing__setup__wns__corner:nom_typ_1p20V_25C": 0,
	"timing__hold_vio__count__corner:nom_typ_1p20V_25C": 0,
	"timing__hold_r2r__ws__corner:nom_typ_1p20V_25C": 0.043767,
	"timing__hold_r2r_vio__count__corner:nom_typ_1p20V_25C": 0,
	"timing__setup_vio__count__corner:nom_typ_1p20V_25C": 0,
	"timing__setup_r2r__ws__corner:nom_typ_1p20V_25C": 8.88736,
	"timing__setup_r2r_vio__count__corner:nom_typ_1p20V_25C": 0,
	"flow__warnings__count": 0,
	"flow__errors__count": 0
}