{
    "time": {
        "cpu_time_user": "00:00:00.230",
        "cpu_time_system": "00:00:00.080",
        "runtime": "00:00:00.415",
        "cpu_time_iowait": "00:00:00.000"
    },
    "peak_resources": {
        "cpu_percent": 100.2,
        "memory_rss": "111MiB",
        "memory_vms": "296MiB",
        "threads": 1
    },
    "avg_resources": {
        "cpu_percent": 49.24999999999999,
        "memory_rss": "47MiB",
        "memory_vms": "135MiB",
        "threads": 0.8333333333333334
    }
}