{
    "time": {
        "cpu_time_user": "00:00:00.420",
        "cpu_time_system": "00:00:00.040",
        "runtime": "00:00:00.504",
        "cpu_time_iowait": "00:00:00.000"
    },
    "peak_resources": {
        "cpu_percent": 99.7,
        "memory_rss": "132MiB",
        "memory_vms": "305MiB",
        "threads": 1
    },
    "avg_resources": {
        "cpu_percent": 65.22857142857141,
        "memory_rss": "61MiB",
        "memory_vms": "158MiB",
        "threads": 0.8571428571428571
    }
}