{
    "time": {
        "cpu_time_user": "00:00:00.410",
        "cpu_time_system": "00:00:00.030",
        "runtime": "00:00:00.509",
        "cpu_time_iowait": "00:00:00.000"
    },
    "peak_resources": {
        "cpu_percent": 105.7,
        "memory_rss": "107MiB",
        "memory_vms": "275MiB",
        "threads": 1
    },
    "avg_resources": {
        "cpu_percent": 61.885714285714265,
        "memory_rss": "51MiB",
        "memory_vms": "149MiB",
        "threads": 0.8571428571428571
    }
}