{
	"design__instance__count__setup_buffer": 0,
	"design__instance__count__hold_buffer": 14,
	"design__instance__displacement__total": 112.844,
	"design__instance__displacement__mean": 2.051,
	"design__instance__displacement__max": 7.56,
	"route__wirelength__estimated": 3386.92,
	"design__violations": 0,
	"design__io": 12,
	"design__die__area": 360000,
	"design__core__area": 165582,
	"design__instance__count": 55,
	"design__instance__area": 999.734,
	"design__instance__count__stdcell": 55,
	"design__instance__area__stdcell": 999.734,
	"design__instance__count__macros": 0,
	"design__instance__area__macros": 0,
	"design__instance__count__padcells": 0,
	"design__instance__area__padcells": 0,
	"design__instance__count__cover": 0,
	"design__instance__area__cover": 0,
	"design__instance__utilization": 0.00603769,
	"design__instance__utilization__stdcell": 0.00603769,
	"design__rows": 78,
	"design__rows:CoreSite": 78,
	"design__sites": 91260,
	"design__sites:CoreSite": 91260,
	"design__instance__count__class:clock_buffer": 3,
	"design__instance__area__class:clock_buffer": 70.7616,
	"design__instance__count__class:timing_repair_buffer": 23,
	"design__instance__area__class:timing_repair_buffer": 295.747,
	"design__instance__count__class:inverter": 2,
	"design__instance__area__class:inverter": 10.8864,
	"design__instance__count__class:sequential_cell": 8,
	"design__instance__area__class:sequential_cell": 406.426,
	"design__instance__count__class:multi_input_combinational_cell": 19,
	"design__instance__area__class:multi_input_combinational_cell": 215.914,
	"design__instance__count": 55,
	"design__instance__area": 999.734,
	"flow__warnings__count": 0,
	"flow__errors__count": 0
}