<KicadtoNgspice><source><v1 name="Source type">pulse<field1 name="Initial Value">0</field1><field2 name="Pulse Value">5</field2><field3 name="Delay Time">0</field3><field4 name="Rise Time">0.1n</field4><field5 name="Fall Time">0.1n</field5><field5 name="Pulse width">1n</field5><field5 name="Period">2n</field5></v1><v2 name="Source type">dc<field1 name="Value">5</field1></v2><v3 name="Source type">dc<field1 name="Value">5</field1></v3></source><model><u2 name="type">adc_bridge<field1 name="Enter value for in_low (default=1.0)" /><field2 name="Enter value for in_high (default=2.0)" /><field3 name="Enter Rise Delay (default=1.0e-9)" /><field4 name="Enter Fall Delay (default=1.0e-9)" /></u2><u3 name="type">dac_bridge<field5 name="Enter value for out_low (default=0.0)" /><field6 name="Enter value for out_high (default=5.0)" /><field7 name="Enter value for out_undef (default=0.5)" /><field8 name="Enter value for input load (default=1.0e-12)" /><field9 name="Enter the Rise Time (default=1.0e-9)" /><field10 name="Enter the Fall Time (default=1.0e-9)" /></u3><u13 name="type">adc_bridge<field11 name="Enter value for in_low (default=1.0)" /><field12 name="Enter value for in_high (default=2.0)" /><field13 name="Enter Rise Delay (default=1.0e-9)" /><field14 name="Enter Fall Delay (default=1.0e-9)" /></u13><u14 name="type">vedic_comparatorblock<field15 name="Enter Rise Delay (default=1.0e-9)" /><field16 name="Enter Fall Delay (default=1.0e-9)" /><field17 name="Enter Input Load (default=1.0e-12)" /><field18 name="Enter Instance ID (Between 0-99)" /></u14><u12 name="type">mod_n_cntrblock<field19 name="Enter Rise Delay (default=1.0e-9)" /><field20 name="Enter Fall Delay (default=1.0e-9)" /><field21 name="Enter Input Load (default=1.0e-12)" /><field22 name="Enter Instance ID (Between 0-99)" /></u12><u1 name="type">koggestone_adderblock<field23 name="Enter Rise Delay (default=1.0e-9)" /><field24 name="Enter Fall Delay (default=1.0e-9)" /><field25 name="Enter Input Load (default=1.0e-12)" /><field26 name="Enter Instance ID (Between 0-99)" /></u1></model><devicemodel /><subcircuit /><analysis><ac><field1 name="Lin">true</field1><field2 name="Dec">false</field2><field3 name="Oct">false</field3><field4 name="Start Frequency" /><field5 name="Stop Frequency" /><field6 name="No. of points" /><field7 name="Start Fre Combo">Hz</field7><field8 name="Stop Fre Combo">Hz</field8></ac><dc><field1 name="Source 1" /><field2 name="Start" /><field3 name="Increment" /><field4 name="Stop" /><field5 name="Operating Point">0</field5><field6 name="Start Combo">Volts or Amperes</field6><field7 name="Increment Combo">Volts or Amperes</field7><field8 name="Stop Combo">Volts or Amperes</field8><field9 name="Source 2" /><field10 name="Start" /><field11 name="Increment" /><field12 name="Stop" /><field13 name="Start Combo">Volts or Amperes</field13><field14 name="Increment Combo">Volts or Amperes</field14><field15 name="Stop Combo">Volts or Amperes</field15></dc><tran><field1 name="Start Time">0</field1><field2 name="Step Time">0.1</field2><field3 name="Stop Time">220</field3><field4 name="Start Combo">sec</field4><field5 name="Step Combo">ns</field5><field6 name="Stop Combo">ns</field6></tran></analysis></KicadtoNgspice>