{
    "time": {
        "cpu_time_user": "00:00:00.450",
        "cpu_time_system": "00:00:00.030",
        "runtime": "00:00:00.518",
        "cpu_time_iowait": "00:00:00.000"
    },
    "peak_resources": {
        "cpu_percent": 108.9,
        "memory_rss": "68MiB",
        "memory_vms": "80MiB",
        "threads": 1
    },
    "avg_resources": {
        "cpu_percent": 66.14285714285714,
        "memory_rss": "36MiB",
        "memory_vms": "44MiB",
        "threads": 0.8571428571428571
    }
}