{
    "time": {
        "cpu_time_user": "00:00:00.410",
        "cpu_time_system": "00:00:00.040",
        "runtime": "00:00:00.502",
        "cpu_time_iowait": "00:00:00.000"
    },
    "peak_resources": {
        "cpu_percent": 109.5,
        "memory_rss": "133MiB",
        "memory_vms": "302MiB",
        "threads": 1
    },
    "avg_resources": {
        "cpu_percent": 63.99999999999999,
        "memory_rss": "60MiB",
        "memory_vms": "157MiB",
        "threads": 0.8571428571428571
    }
}