net,length_um
clk,601.47µm
net3,310.26µm
net2,297.31µm
net4,243.79µm
net1,197.84µm
rst,155.78µm
net5,145.015µm
net6,137.735µm
count_out_7,137.64µm
count_out_0,133.2µm
net7,92.11µm
net8,85.38µm
net9,82.88µm
_07_,66.045µm
count_out_6,60.96µm
count_out_1,60.36µm
net20,51.55µm
clknet_1_0__leaf_clk,33.295µm
net23,31.43µm
clknet_0_clk,30.62µm
net12,30.135µm
net17,29.78µm
net15,29.05µm
net10,27.66µm
net22,27.115µm
clknet_1_1__leaf_clk,26.96µm
net19,26.455µm
_04_,25.33µm
_03_,22.765µm
count_out_2,21.48µm
count_out_5,20.22µm
count_out_3,20.17µm
count_out_4,19.75µm
_02_,16.445µm
register_inst.next_value\[1\],12.97µm
register_inst.next_value\[7\],12.9µm
_05_,12.36µm
net11,9.9µm
register_inst.next_value\[2\],9.61µm
_06_,8.59µm
_10_,8.59µm
_01_,7.87µm
_11_,7.74µm
_08_,7.445µm
_00_,7.26µm
net13,6.25µm
net14,6.02µm
register_inst.next_value\[5\],5.88µm
register_inst.next_value\[4\],5.59µm
register_inst.next_value\[6\],4.33µm
net21,4.26µm
_09_,4.02µm
register_inst.next_value\[0\],3.48µm
_12_,2.94µm
register_inst.next_value\[3\],1.38µm
net16,0.96µm
net18,0.96µm
