{
    "time": {
        "cpu_time_user": "00:00:00.380",
        "cpu_time_system": "00:00:00.040",
        "runtime": "00:00:00.502",
        "cpu_time_iowait": "00:00:00.000"
    },
    "peak_resources": {
        "cpu_percent": 109.6,
        "memory_rss": "137MiB",
        "memory_vms": "306MiB",
        "threads": 1
    },
    "avg_resources": {
        "cpu_percent": 59.75714285714286,
        "memory_rss": "62MiB",
        "memory_vms": "158MiB",
        "threads": 0.8571428571428571
    }
}