{
    "time": {
        "cpu_time_user": "00:00:00.400",
        "cpu_time_system": "00:00:00.040",
        "runtime": "00:00:00.502",
        "cpu_time_iowait": "00:00:00.000"
    },
    "peak_resources": {
        "cpu_percent": 99.6,
        "memory_rss": "140MiB",
        "memory_vms": "308MiB",
        "threads": 1
    },
    "avg_resources": {
        "cpu_percent": 62.57142857142857,
        "memory_rss": "62MiB",
        "memory_vms": "158MiB",
        "threads": 0.8571428571428571
    }
}