{
    "time": {
        "cpu_time_user": "00:00:00.290",
        "cpu_time_system": "00:00:00.050",
        "runtime": "00:00:00.419",
        "cpu_time_iowait": "00:00:00.000"
    },
    "peak_resources": {
        "cpu_percent": 97.7,
        "memory_rss": "141MiB",
        "memory_vms": "151MiB",
        "threads": 1
    },
    "avg_resources": {
        "cpu_percent": 53.78333333333333,
        "memory_rss": "69MiB",
        "memory_vms": "75MiB",
        "threads": 0.8333333333333334
    }
}