{
    "time": {
        "cpu_time_user": "00:00:31.410",
        "cpu_time_system": "00:00:00.580",
        "runtime": "00:00:05.376",
        "cpu_time_iowait": "00:00:00.000"
    },
    "peak_resources": {
        "cpu_percent": 795.9,
        "memory_rss": "550MiB",
        "memory_vms": "1GiB",
        "threads": 16
    },
    "avg_resources": {
        "cpu_percent": 573.2563636363636,
        "memory_rss": "230MiB",
        "memory_vms": "909MiB",
        "threads": 14.89090909090909
    }
}