{
	"route__net": 57,
	"route__net__special": 2,
	"route__drc_errors__iter:0": 6,
	"route__wirelength__iter:0": 3435,
	"route__drc_errors__iter:1": 3,
	"route__wirelength__iter:1": 3427,
	"route__drc_errors__iter:2": 0,
	"route__wirelength__iter:2": 3431,
	"route__drc_errors": 0,
	"route__wirelength": 3431,
	"route__vias": 312,
	"route__vias__singlecut": 312,
	"route__vias__multicut": 0,
	"design__io": 12,
	"design__die__area": 360000,
	"design__core__area": 165582,
	"design__instance__count": 55,
	"design__instance__area": 999.734,
	"design__instance__count__stdcell": 55,
	"design__instance__area__stdcell": 999.734,
	"design__instance__count__macros": 0,
	"design__instance__area__macros": 0,
	"design__instance__count__padcells": 0,
	"design__instance__area__padcells": 0,
	"design__instance__count__cover": 0,
	"design__instance__area__cover": 0,
	"design__instance__utilization": 0.00603769,
	"design__instance__utilization__stdcell": 0.00603769,
	"design__rows": 78,
	"design__rows:CoreSite": 78,
	"design__sites": 91260,
	"design__sites:CoreSite": 91260,
	"design__instance__count__class:clock_buffer": 3,
	"design__instance__area__class:clock_buffer": 70.7616,
	"design__instance__count__class:timing_repair_buffer": 23,
	"design__instance__area__class:timing_repair_buffer": 295.747,
	"design__instance__count__class:inverter": 2,
	"design__instance__area__class:inverter": 10.8864,
	"design__instance__count__class:sequential_cell": 8,
	"design__instance__area__class:sequential_cell": 406.426,
	"design__instance__count__class:multi_input_combinational_cell": 19,
	"design__instance__area__class:multi_input_combinational_cell": 215.914,
	"design__instance__count": 55,
	"design__instance__area": 999.734,
	"flow__warnings__count": 10,
	"flow__errors__count": 0
}