{
	"design__io": 10,
	"design__die__area": 360000,
	"design__core__area": 165582,
	"design__instance__count": 29,
	"design__instance__area": 618.71,
	"design__instance__count__stdcell": 29,
	"design__instance__area__stdcell": 618.71,
	"design__instance__count__macros": 0,
	"design__instance__area__macros": 0,
	"design__instance__count__padcells": 0,
	"design__instance__area__padcells": 0,
	"design__instance__count__cover": 0,
	"design__instance__area__cover": 0,
	"design__instance__utilization": 0.00373658,
	"design__instance__utilization__stdcell": 0.00373658,
	"design__rows": 78,
	"design__rows:CoreSite": 78,
	"design__sites": 91260,
	"design__sites:CoreSite": 91260,
	"design__instance__count__class:inverter": 2,
	"design__instance__area__class:inverter": 10.8864,
	"design__instance__count__class:sequential_cell": 8,
	"design__instance__area__class:sequential_cell": 391.91,
	"design__instance__count__class:multi_input_combinational_cell": 19,
	"design__instance__area__class:multi_input_combinational_cell": 215.914,
	"design__instance__count": 29,
	"design__instance__area": 618.71,
	"flow__warnings__count": 0,
	"flow__errors__count": 0
}