{
    "time": {
        "cpu_time_user": "00:00:00.290",
        "cpu_time_system": "00:00:00.100",
        "runtime": "00:00:00.524",
        "cpu_time_iowait": "00:00:00.000"
    },
    "peak_resources": {
        "cpu_percent": 98.5,
        "memory_rss": "158MiB",
        "memory_vms": "326MiB",
        "threads": 1
    },
    "avg_resources": {
        "cpu_percent": 54.65714285714285,
        "memory_rss": "53MiB",
        "memory_vms": "128MiB",
        "threads": 0.8571428571428571
    }
}