{
	"design__io": 12,
	"design__die__area": 360000,
	"design__core__area": 165582,
	"design__instance__count": 55,
	"design__instance__area": 999.734,
	"design__instance__count__stdcell": 55,
	"design__instance__area__stdcell": 999.734,
	"design__instance__count__macros": 0,
	"design__instance__area__macros": 0,
	"design__instance__count__padcells": 0,
	"design__instance__area__padcells": 0,
	"design__instance__count__cover": 0,
	"design__instance__area__cover": 0,
	"design__instance__utilization": 0.00603769,
	"design__instance__utilization__stdcell": 0.00603769,
	"design__rows": 78,
	"design__rows:CoreSite": 78,
	"design__sites": 91260,
	"design__sites:CoreSite": 91260,
	"design__instance__count__class:fill_cell": 13037,
	"design__instance__area__class:fill_cell": 164582,
	"design__instance__count__class:standard_cell": 55,
	"design__instance__area__class:standard_cell": 999.734,
	"design__instance__count": 13092,
	"design__instance__area": 165582,
	"flow__warnings__count": 0,
	"flow__errors__count": 0
}