{
    "json_h": "/home/kamalesh/librelane/designs/vedic_koggestone_modn_counter/runs/RUN_2025-10-26_17-23-28/05-yosys-jsonheader/vedic_koggestone_modn_counter.h.json",
    "nl": "/home/kamalesh/librelane/designs/vedic_koggestone_modn_counter/runs/RUN_2025-10-26_17-23-28/06-yosys-synthesis/vedic_koggestone_modn_counter.nl.v",
    "metrics": {
        "design__lint_error__count": 0,
        "design__lint_timing_construct__count": 0,
        "design__lint_warning__count": 2,
        "design__inferred_latch__count": 0,
        "design__instance__count": 29,
        "design__instance__area": 618.7104,
        "design__instance_unmapped__count": 0,
        "synthesis__check_error__count": 0
    }
}