{
    "time": {
        "cpu_time_user": "00:02:30.400",
        "cpu_time_system": "00:00:01.780",
        "runtime": "00:02:28.600",
        "cpu_time_iowait": "00:00:00.000"
    },
    "peak_resources": {
        "cpu_percent": 538.1,
        "memory_rss": "864MiB",
        "memory_vms": "2GiB",
        "threads": 18
    },
    "avg_resources": {
        "cpu_percent": 102.2765943012218,
        "memory_rss": "784MiB",
        "memory_vms": "2GiB",
        "threads": 9.868385345997302
    }
}