{
  "creator": "Yosys 0.54 (git sha1 db72ec3bde296a9512b2d1e6fabf81cfb07c2c1b, clang++ 19.1.7 -fPIC -O3)",
  "modules": {
    "vedic_koggestone_modn_counter": {
      "attributes": {
        "hdlname": "vedic_koggestone_modn_counter",
        "top": "00000000000000000000000000000001",
        "src": "/home/kamalesh/librelane/designs/vedic_koggestone_modn_counter/src/vedic_koggestone_modn_counter.v:1.1-54.10"
      },
      "parameter_default_values": {
        "N": "00000000000000000000000001100100"
      },
      "ports": {
        "clk": {
          "direction": "input",
          "bits": [ 2 ]
        },
        "rst": {
          "direction": "input",
          "bits": [ 3 ]
        },
        "count_out_0": {
          "direction": "output",
          "bits": [ 4 ]
        },
        "count_out_1": {
          "direction": "output",
          "bits": [ 5 ]
        },
        "count_out_2": {
          "direction": "output",
          "bits": [ 6 ]
        },
        "count_out_3": {
          "direction": "output",
          "bits": [ 7 ]
        },
        "count_out_4": {
          "direction": "output",
          "bits": [ 8 ]
        },
        "count_out_5": {
          "direction": "output",
          "bits": [ 9 ]
        },
        "count_out_6": {
          "direction": "output",
          "bits": [ 10 ]
        },
        "count_out_7": {
          "direction": "output",
          "bits": [ 11 ]
        }
      },
      "cells": {
        "$flatten\\adder_inst.$and$/home/kamalesh/librelane/designs/vedic_koggestone_modn_counter/src/koggestone_adderblock.v:11$8": {
          "hide_name": 1,
          "type": "$and",
          "parameters": {
            "A_SIGNED": "00000000000000000000000000000000",
            "A_WIDTH": "00000000000000000000000000001000",
            "B_SIGNED": "00000000000000000000000000000000",
            "B_WIDTH": "00000000000000000000000000001000",
            "Y_WIDTH": "00000000000000000000000000001000"
          },
          "attributes": {
            "src": "/home/kamalesh/librelane/designs/vedic_koggestone_modn_counter/src/koggestone_adderblock.v:11.16-11.21"
          },
          "port_directions": {
            "A": "input",
            "B": "input",
            "Y": "output"
          },
          "connections": {
            "A": [ 4, 5, 6, 7, 8, 9, 10, 11 ],
            "B": [ "1", "0", "0", "0", "0", "0", "0", "0" ],
            "Y": [ 12, 13, 14, 15, 16, 17, 18, 19 ]
          }
        },
        "$flatten\\adder_inst.$and$/home/kamalesh/librelane/designs/vedic_koggestone_modn_counter/src/koggestone_adderblock.v:15$12": {
          "hide_name": 1,
          "type": "$and",
          "parameters": {
            "A_SIGNED": "00000000000000000000000000000000",
            "A_WIDTH": "00000000000000000000000000000001",
            "B_SIGNED": "00000000000000000000000000000000",
            "B_WIDTH": "00000000000000000000000000000001",
            "Y_WIDTH": "00000000000000000000000000000001"
          },
          "attributes": {
            "src": "/home/kamalesh/librelane/designs/vedic_koggestone_modn_counter/src/koggestone_adderblock.v:15.27-15.38"
          },
          "port_directions": {
            "A": "input",
            "B": "input",
            "Y": "output"
          },
          "connections": {
            "A": [ 20 ],
            "B": [ 12 ],
            "Y": [ 21 ]
          }
        },
        "$flatten\\adder_inst.$and$/home/kamalesh/librelane/designs/vedic_koggestone_modn_counter/src/koggestone_adderblock.v:16$14": {
          "hide_name": 1,
          "type": "$and",
          "parameters": {
            "A_SIGNED": "00000000000000000000000000000000",
            "A_WIDTH": "00000000000000000000000000000001",
            "B_SIGNED": "00000000000000000000000000000000",
            "B_WIDTH": "00000000000000000000000000000001",
            "Y_WIDTH": "00000000000000000000000000000001"
          },
          "attributes": {
            "src": "/home/kamalesh/librelane/designs/vedic_koggestone_modn_counter/src/koggestone_adderblock.v:16.27-16.38"
          },
          "port_directions": {
            "A": "input",
            "B": "input",
            "Y": "output"
          },
          "connections": {
            "A": [ 22 ],
            "B": [ 23 ],
            "Y": [ 24 ]
          }
        },
        "$flatten\\adder_inst.$and$/home/kamalesh/librelane/designs/vedic_koggestone_modn_counter/src/koggestone_adderblock.v:17$16": {
          "hide_name": 1,
          "type": "$and",
          "parameters": {
            "A_SIGNED": "00000000000000000000000000000000",
            "A_WIDTH": "00000000000000000000000000000001",
            "B_SIGNED": "00000000000000000000000000000000",
            "B_WIDTH": "00000000000000000000000000000001",
            "Y_WIDTH": "00000000000000000000000000000001"
          },
          "attributes": {
            "src": "/home/kamalesh/librelane/designs/vedic_koggestone_modn_counter/src/koggestone_adderblock.v:17.27-17.38"
          },
          "port_directions": {
            "A": "input",
            "B": "input",
            "Y": "output"
          },
          "connections": {
            "A": [ 25 ],
            "B": [ 26 ],
            "Y": [ 27 ]
          }
        },
        "$flatten\\adder_inst.$and$/home/kamalesh/librelane/designs/vedic_koggestone_modn_counter/src/koggestone_adderblock.v:18$18": {
          "hide_name": 1,
          "type": "$and",
          "parameters": {
            "A_SIGNED": "00000000000000000000000000000000",
            "A_WIDTH": "00000000000000000000000000000001",
            "B_SIGNED": "00000000000000000000000000000000",
            "B_WIDTH": "00000000000000000000000000000001",
            "Y_WIDTH": "00000000000000000000000000000001"
          },
          "attributes": {
            "src": "/home/kamalesh/librelane/designs/vedic_koggestone_modn_counter/src/koggestone_adderblock.v:18.27-18.38"
          },
          "port_directions": {
            "A": "input",
            "B": "input",
            "Y": "output"
          },
          "connections": {
            "A": [ 28 ],
            "B": [ 29 ],
            "Y": [ 30 ]
          }
        },
        "$flatten\\adder_inst.$and$/home/kamalesh/librelane/designs/vedic_koggestone_modn_counter/src/koggestone_adderblock.v:19$20": {
          "hide_name": 1,
          "type": "$and",
          "parameters": {
            "A_SIGNED": "00000000000000000000000000000000",
            "A_WIDTH": "00000000000000000000000000000001",
            "B_SIGNED": "00000000000000000000000000000000",
            "B_WIDTH": "00000000000000000000000000000001",
            "Y_WIDTH": "00000000000000000000000000000001"
          },
          "attributes": {
            "src": "/home/kamalesh/librelane/designs/vedic_koggestone_modn_counter/src/koggestone_adderblock.v:19.27-19.38"
          },
          "port_directions": {
            "A": "input",
            "B": "input",
            "Y": "output"
          },
          "connections": {
            "A": [ 31 ],
            "B": [ 32 ],
            "Y": [ 33 ]
          }
        },
        "$flatten\\adder_inst.$and$/home/kamalesh/librelane/designs/vedic_koggestone_modn_counter/src/koggestone_adderblock.v:20$22": {
          "hide_name": 1,
          "type": "$and",
          "parameters": {
            "A_SIGNED": "00000000000000000000000000000000",
            "A_WIDTH": "00000000000000000000000000000001",
            "B_SIGNED": "00000000000000000000000000000000",
            "B_WIDTH": "00000000000000000000000000000001",
            "Y_WIDTH": "00000000000000000000000000000001"
          },
          "attributes": {
            "src": "/home/kamalesh/librelane/designs/vedic_koggestone_modn_counter/src/koggestone_adderblock.v:20.27-20.38"
          },
          "port_directions": {
            "A": "input",
            "B": "input",
            "Y": "output"
          },
          "connections": {
            "A": [ 34 ],
            "B": [ 35 ],
            "Y": [ 36 ]
          }
        },
        "$flatten\\adder_inst.$or$/home/kamalesh/librelane/designs/vedic_koggestone_modn_counter/src/koggestone_adderblock.v:15$13": {
          "hide_name": 1,
          "type": "$or",
          "parameters": {
            "A_SIGNED": "00000000000000000000000000000000",
            "A_WIDTH": "00000000000000000000000000000001",
            "B_SIGNED": "00000000000000000000000000000000",
            "B_WIDTH": "00000000000000000000000000000001",
            "Y_WIDTH": "00000000000000000000000000000001"
          },
          "attributes": {
            "src": "/home/kamalesh/librelane/designs/vedic_koggestone_modn_counter/src/koggestone_adderblock.v:15.19-15.39"
          },
          "port_directions": {
            "A": "input",
            "B": "input",
            "Y": "output"
          },
          "connections": {
            "A": [ 13 ],
            "B": [ 21 ],
            "Y": [ 23 ]
          }
        },
        "$flatten\\adder_inst.$or$/home/kamalesh/librelane/designs/vedic_koggestone_modn_counter/src/koggestone_adderblock.v:16$15": {
          "hide_name": 1,
          "type": "$or",
          "parameters": {
            "A_SIGNED": "00000000000000000000000000000000",
            "A_WIDTH": "00000000000000000000000000000001",
            "B_SIGNED": "00000000000000000000000000000000",
            "B_WIDTH": "00000000000000000000000000000001",
            "Y_WIDTH": "00000000000000000000000000000001"
          },
          "attributes": {
            "src": "/home/kamalesh/librelane/designs/vedic_koggestone_modn_counter/src/koggestone_adderblock.v:16.19-16.39"
          },
          "port_directions": {
            "A": "input",
            "B": "input",
            "Y": "output"
          },
          "connections": {
            "A": [ 14 ],
            "B": [ 24 ],
            "Y": [ 26 ]
          }
        },
        "$flatten\\adder_inst.$or$/home/kamalesh/librelane/designs/vedic_koggestone_modn_counter/src/koggestone_adderblock.v:17$17": {
          "hide_name": 1,
          "type": "$or",
          "parameters": {
            "A_SIGNED": "00000000000000000000000000000000",
            "A_WIDTH": "00000000000000000000000000000001",
            "B_SIGNED": "00000000000000000000000000000000",
            "B_WIDTH": "00000000000000000000000000000001",
            "Y_WIDTH": "00000000000000000000000000000001"
          },
          "attributes": {
            "src": "/home/kamalesh/librelane/designs/vedic_koggestone_modn_counter/src/koggestone_adderblock.v:17.19-17.39"
          },
          "port_directions": {
            "A": "input",
            "B": "input",
            "Y": "output"
          },
          "connections": {
            "A": [ 15 ],
            "B": [ 27 ],
            "Y": [ 29 ]
          }
        },
        "$flatten\\adder_inst.$or$/home/kamalesh/librelane/designs/vedic_koggestone_modn_counter/src/koggestone_adderblock.v:18$19": {
          "hide_name": 1,
          "type": "$or",
          "parameters": {
            "A_SIGNED": "00000000000000000000000000000000",
            "A_WIDTH": "00000000000000000000000000000001",
            "B_SIGNED": "00000000000000000000000000000000",
            "B_WIDTH": "00000000000000000000000000000001",
            "Y_WIDTH": "00000000000000000000000000000001"
          },
          "attributes": {
            "src": "/home/kamalesh/librelane/designs/vedic_koggestone_modn_counter/src/koggestone_adderblock.v:18.19-18.39"
          },
          "port_directions": {
            "A": "input",
            "B": "input",
            "Y": "output"
          },
          "connections": {
            "A": [ 16 ],
            "B": [ 30 ],
            "Y": [ 32 ]
          }
        },
        "$flatten\\adder_inst.$or$/home/kamalesh/librelane/designs/vedic_koggestone_modn_counter/src/koggestone_adderblock.v:19$21": {
          "hide_name": 1,
          "type": "$or",
          "parameters": {
            "A_SIGNED": "00000000000000000000000000000000",
            "A_WIDTH": "00000000000000000000000000000001",
            "B_SIGNED": "00000000000000000000000000000000",
            "B_WIDTH": "00000000000000000000000000000001",
            "Y_WIDTH": "00000000000000000000000000000001"
          },
          "attributes": {
            "src": "/home/kamalesh/librelane/designs/vedic_koggestone_modn_counter/src/koggestone_adderblock.v:19.19-19.39"
          },
          "port_directions": {
            "A": "input",
            "B": "input",
            "Y": "output"
          },
          "connections": {
            "A": [ 17 ],
            "B": [ 33 ],
            "Y": [ 35 ]
          }
        },
        "$flatten\\adder_inst.$or$/home/kamalesh/librelane/designs/vedic_koggestone_modn_counter/src/koggestone_adderblock.v:20$23": {
          "hide_name": 1,
          "type": "$or",
          "parameters": {
            "A_SIGNED": "00000000000000000000000000000000",
            "A_WIDTH": "00000000000000000000000000000001",
            "B_SIGNED": "00000000000000000000000000000000",
            "B_WIDTH": "00000000000000000000000000000001",
            "Y_WIDTH": "00000000000000000000000000000001"
          },
          "attributes": {
            "src": "/home/kamalesh/librelane/designs/vedic_koggestone_modn_counter/src/koggestone_adderblock.v:20.19-20.39"
          },
          "port_directions": {
            "A": "input",
            "B": "input",
            "Y": "output"
          },
          "connections": {
            "A": [ 18 ],
            "B": [ 36 ],
            "Y": [ 37 ]
          }
        },
        "$flatten\\adder_inst.$xor$/home/kamalesh/librelane/designs/vedic_koggestone_modn_counter/src/koggestone_adderblock.v:12$9": {
          "hide_name": 1,
          "type": "$xor",
          "parameters": {
            "A_SIGNED": "00000000000000000000000000000000",
            "A_WIDTH": "00000000000000000000000000001000",
            "B_SIGNED": "00000000000000000000000000000000",
            "B_WIDTH": "00000000000000000000000000001000",
            "Y_WIDTH": "00000000000000000000000000001000"
          },
          "attributes": {
            "src": "/home/kamalesh/librelane/designs/vedic_koggestone_modn_counter/src/koggestone_adderblock.v:12.16-12.21"
          },
          "port_directions": {
            "A": "input",
            "B": "input",
            "Y": "output"
          },
          "connections": {
            "A": [ 4, 5, 6, 7, 8, 9, 10, 11 ],
            "B": [ "1", "0", "0", "0", "0", "0", "0", "0" ],
            "Y": [ 38, 20, 22, 25, 28, 31, 34, 39 ]
          }
        },
        "$flatten\\adder_inst.$xor$/home/kamalesh/librelane/designs/vedic_koggestone_modn_counter/src/koggestone_adderblock.v:23$26": {
          "hide_name": 1,
          "type": "$xor",
          "parameters": {
            "A_SIGNED": "00000000000000000000000000000000",
            "A_WIDTH": "00000000000000000000000000001000",
            "B_SIGNED": "00000000000000000000000000000000",
            "B_WIDTH": "00000000000000000000000000001000",
            "Y_WIDTH": "00000000000000000000000000001000"
          },
          "attributes": {
            "src": "/home/kamalesh/librelane/designs/vedic_koggestone_modn_counter/src/koggestone_adderblock.v:23.18-23.28"
          },
          "port_directions": {
            "A": "input",
            "B": "input",
            "Y": "output"
          },
          "connections": {
            "A": [ 38, 20, 22, 25, 28, 31, 34, 39 ],
            "B": [ "0", 12, 23, 26, 29, 32, 35, 37 ],
            "Y": [ 40, 41, 42, 43, 44, 45, 46, 47 ]
          }
        },
        "$flatten\\comparator_inst.$logic_not$/home/kamalesh/librelane/designs/vedic_koggestone_modn_counter/src/vedic_comparatorblock.v:11$7": {
          "hide_name": 1,
          "type": "$logic_not",
          "parameters": {
            "A_SIGNED": "00000000000000000000000000000000",
            "A_WIDTH": "00000000000000000000000000000001",
            "Y_WIDTH": "00000000000000000000000000000001"
          },
          "attributes": {
            "src": "/home/kamalesh/librelane/designs/vedic_koggestone_modn_counter/src/vedic_comparatorblock.v:11.23-11.35"
          },
          "port_directions": {
            "A": "input",
            "Y": "output"
          },
          "connections": {
            "A": [ 48 ],
            "Y": [ 49 ]
          }
        },
        "$flatten\\comparator_inst.$reduce_or$/home/kamalesh/librelane/designs/vedic_koggestone_modn_counter/src/vedic_comparatorblock.v:11$6": {
          "hide_name": 1,
          "type": "$reduce_or",
          "parameters": {
            "A_SIGNED": "00000000000000000000000000000000",
            "A_WIDTH": "00000000000000000000000000001000",
            "Y_WIDTH": "00000000000000000000000000000001"
          },
          "attributes": {
            "src": "/home/kamalesh/librelane/designs/vedic_koggestone_modn_counter/src/vedic_comparatorblock.v:11.23-11.35"
          },
          "port_directions": {
            "A": "input",
            "Y": "output"
          },
          "connections": {
            "A": [ 50, 51, 52, 53, 54, 55, 56, 57 ],
            "Y": [ 48 ]
          }
        },
        "$flatten\\comparator_inst.$sub$/home/kamalesh/librelane/designs/vedic_koggestone_modn_counter/src/vedic_comparatorblock.v:9$5": {
          "hide_name": 1,
          "type": "$sub",
          "parameters": {
            "A_SIGNED": "00000000000000000000000000000000",
            "A_WIDTH": "00000000000000000000000000001000",
            "B_SIGNED": "00000000000000000000000000000000",
            "B_WIDTH": "00000000000000000000000000001000",
            "Y_WIDTH": "00000000000000000000000000001000"
          },
          "attributes": {
            "src": "/home/kamalesh/librelane/designs/vedic_koggestone_modn_counter/src/vedic_comparatorblock.v:9.25-9.30"
          },
          "port_directions": {
            "A": "input",
            "B": "input",
            "Y": "output"
          },
          "connections": {
            "A": [ 4, 5, 6, 7, 8, 9, 10, 11 ],
            "B": [ "1", "1", "0", "0", "0", "1", "1", "0" ],
            "Y": [ 50, 51, 52, 53, 54, 55, 56, 57 ]
          }
        },
        "$flatten\\register_inst.$procdff$33": {
          "hide_name": 1,
          "type": "$adff",
          "parameters": {
            "ARST_POLARITY": "00000000000000000000000000000000",
            "ARST_VALUE": "00000000",
            "CLK_POLARITY": "1",
            "WIDTH": "00000000000000000000000000001000"
          },
          "attributes": {
            "src": "/home/kamalesh/librelane/designs/vedic_koggestone_modn_counter/src/mod_n_cntrblock.v:16.5-21.8"
          },
          "port_directions": {
            "ARST": "input",
            "CLK": "input",
            "D": "input",
            "Q": "output"
          },
          "connections": {
            "ARST": [ 3 ],
            "CLK": [ 2 ],
            "D": [ 58, 59, 60, 61, 62, 63, 64, 65 ],
            "Q": [ 4, 5, 6, 7, 8, 9, 10, 11 ]
          }
        },
        "$flatten\\register_inst.$procmux$27": {
          "hide_name": 1,
          "type": "$mux",
          "parameters": {
            "WIDTH": "00000000000000000000000000001000"
          },
          "attributes": {
            "src": "/home/kamalesh/librelane/designs/vedic_koggestone_modn_counter/src/mod_n_cntrblock.v:19.18-19.20|/home/kamalesh/librelane/designs/vedic_koggestone_modn_counter/src/mod_n_cntrblock.v:19.14-20.33"
          },
          "port_directions": {
            "A": "input",
            "B": "input",
            "S": "input",
            "Y": "output"
          },
          "connections": {
            "A": [ 4, 5, 6, 7, 8, 9, 10, 11 ],
            "B": [ 66, 67, 68, 69, 70, 71, 72, 73 ],
            "S": [ "1" ],
            "Y": [ 58, 59, 60, 61, 62, 63, 64, 65 ]
          }
        },
        "$flatten\\register_inst.$ternary$/home/kamalesh/librelane/designs/vedic_koggestone_modn_counter/src/mod_n_cntrblock.v:13$2": {
          "hide_name": 1,
          "type": "$mux",
          "parameters": {
            "WIDTH": "00000000000000000000000000001000"
          },
          "attributes": {
            "src": "/home/kamalesh/librelane/designs/vedic_koggestone_modn_counter/src/mod_n_cntrblock.v:13.25-13.69"
          },
          "port_directions": {
            "A": "input",
            "B": "input",
            "S": "input",
            "Y": "output"
          },
          "connections": {
            "A": [ 40, 41, 42, 43, 44, 45, 46, 47 ],
            "B": [ "0", "0", "0", "0", "0", "0", "0", "0" ],
            "S": [ 49 ],
            "Y": [ 66, 67, 68, 69, 70, 71, 72, 73 ]
          }
        }
      },
      "netnames": {
        "$flatten\\adder_inst.$and$/home/kamalesh/librelane/designs/vedic_koggestone_modn_counter/src/koggestone_adderblock.v:15$12_Y": {
          "hide_name": 1,
          "bits": [ 21 ],
          "attributes": {
            "src": "/home/kamalesh/librelane/designs/vedic_koggestone_modn_counter/src/koggestone_adderblock.v:15.27-15.38"
          }
        },
        "$flatten\\adder_inst.$and$/home/kamalesh/librelane/designs/vedic_koggestone_modn_counter/src/koggestone_adderblock.v:16$14_Y": {
          "hide_name": 1,
          "bits": [ 24 ],
          "attributes": {
            "src": "/home/kamalesh/librelane/designs/vedic_koggestone_modn_counter/src/koggestone_adderblock.v:16.27-16.38"
          }
        },
        "$flatten\\adder_inst.$and$/home/kamalesh/librelane/designs/vedic_koggestone_modn_counter/src/koggestone_adderblock.v:17$16_Y": {
          "hide_name": 1,
          "bits": [ 27 ],
          "attributes": {
            "src": "/home/kamalesh/librelane/designs/vedic_koggestone_modn_counter/src/koggestone_adderblock.v:17.27-17.38"
          }
        },
        "$flatten\\adder_inst.$and$/home/kamalesh/librelane/designs/vedic_koggestone_modn_counter/src/koggestone_adderblock.v:18$18_Y": {
          "hide_name": 1,
          "bits": [ 30 ],
          "attributes": {
            "src": "/home/kamalesh/librelane/designs/vedic_koggestone_modn_counter/src/koggestone_adderblock.v:18.27-18.38"
          }
        },
        "$flatten\\adder_inst.$and$/home/kamalesh/librelane/designs/vedic_koggestone_modn_counter/src/koggestone_adderblock.v:19$20_Y": {
          "hide_name": 1,
          "bits": [ 33 ],
          "attributes": {
            "src": "/home/kamalesh/librelane/designs/vedic_koggestone_modn_counter/src/koggestone_adderblock.v:19.27-19.38"
          }
        },
        "$flatten\\adder_inst.$and$/home/kamalesh/librelane/designs/vedic_koggestone_modn_counter/src/koggestone_adderblock.v:20$22_Y": {
          "hide_name": 1,
          "bits": [ 36 ],
          "attributes": {
            "src": "/home/kamalesh/librelane/designs/vedic_koggestone_modn_counter/src/koggestone_adderblock.v:20.27-20.38"
          }
        },
        "$flatten\\comparator_inst.$reduce_or$/home/kamalesh/librelane/designs/vedic_koggestone_modn_counter/src/vedic_comparatorblock.v:11$6_Y": {
          "hide_name": 1,
          "bits": [ 48 ],
          "attributes": {
            "src": "/home/kamalesh/librelane/designs/vedic_koggestone_modn_counter/src/vedic_comparatorblock.v:11.23-11.35"
          }
        },
        "$flatten\\register_inst.$0\\q_out[7:0]": {
          "hide_name": 1,
          "bits": [ 58, 59, 60, 61, 62, 63, 64, 65 ],
          "attributes": {
            "src": "/home/kamalesh/librelane/designs/vedic_koggestone_modn_counter/src/mod_n_cntrblock.v:16.5-21.8"
          }
        },
        "adder_inst.a": {
          "hide_name": 0,
          "bits": [ 4, 5, 6, 7, 8, 9, 10, 11 ],
          "attributes": {
            "hdlname": "adder_inst a",
            "src": "/home/kamalesh/librelane/designs/vedic_koggestone_modn_counter/src/koggestone_adderblock.v:2.23-2.24"
          }
        },
        "adder_inst.c": {
          "hide_name": 0,
          "bits": [ "0", 12, 23, 26, 29, 32, 35, 37, 74 ],
          "attributes": {
            "hdlname": "adder_inst c",
            "src": "/home/kamalesh/librelane/designs/vedic_koggestone_modn_counter/src/koggestone_adderblock.v:8.16-8.17",
            "unused_bits": "8"
          }
        },
        "adder_inst.g": {
          "hide_name": 0,
          "bits": [ 12, 13, 14, 15, 16, 17, 18, 19 ],
          "attributes": {
            "hdlname": "adder_inst g",
            "src": "/home/kamalesh/librelane/designs/vedic_koggestone_modn_counter/src/koggestone_adderblock.v:6.16-6.17",
            "unused_bits": "7"
          }
        },
        "adder_inst.p": {
          "hide_name": 0,
          "bits": [ 38, 20, 22, 25, 28, 31, 34, 39 ],
          "attributes": {
            "hdlname": "adder_inst p",
            "src": "/home/kamalesh/librelane/designs/vedic_koggestone_modn_counter/src/koggestone_adderblock.v:7.16-7.17"
          }
        },
        "adder_inst.sum": {
          "hide_name": 0,
          "bits": [ 40, 41, 42, 43, 44, 45, 46, 47 ],
          "attributes": {
            "hdlname": "adder_inst sum",
            "src": "/home/kamalesh/librelane/designs/vedic_koggestone_modn_counter/src/koggestone_adderblock.v:4.23-4.26"
          }
        },
        "clk": {
          "hide_name": 0,
          "bits": [ 2 ],
          "attributes": {
            "src": "/home/kamalesh/librelane/designs/vedic_koggestone_modn_counter/src/vedic_koggestone_modn_counter.v:4.17-4.20"
          }
        },
        "comparator_equal": {
          "hide_name": 0,
          "bits": [ 49 ],
          "attributes": {
            "src": "/home/kamalesh/librelane/designs/vedic_koggestone_modn_counter/src/vedic_koggestone_modn_counter.v:28.10-28.26"
          }
        },
        "comparator_inst.difference": {
          "hide_name": 0,
          "bits": [ 50, 51, 52, 53, 54, 55, 56, 57 ],
          "attributes": {
            "hdlname": "comparator_inst difference",
            "src": "/home/kamalesh/librelane/designs/vedic_koggestone_modn_counter/src/vedic_comparatorblock.v:7.16-7.26"
          }
        },
        "count_out_0": {
          "hide_name": 0,
          "bits": [ 4 ],
          "attributes": {
            "src": "/home/kamalesh/librelane/designs/vedic_koggestone_modn_counter/src/vedic_koggestone_modn_counter.v:6.17-6.28"
          }
        },
        "count_out_1": {
          "hide_name": 0,
          "bits": [ 5 ],
          "attributes": {
            "src": "/home/kamalesh/librelane/designs/vedic_koggestone_modn_counter/src/vedic_koggestone_modn_counter.v:7.17-7.28"
          }
        },
        "count_out_2": {
          "hide_name": 0,
          "bits": [ 6 ],
          "attributes": {
            "src": "/home/kamalesh/librelane/designs/vedic_koggestone_modn_counter/src/vedic_koggestone_modn_counter.v:8.17-8.28"
          }
        },
        "count_out_3": {
          "hide_name": 0,
          "bits": [ 7 ],
          "attributes": {
            "src": "/home/kamalesh/librelane/designs/vedic_koggestone_modn_counter/src/vedic_koggestone_modn_counter.v:9.17-9.28"
          }
        },
        "count_out_4": {
          "hide_name": 0,
          "bits": [ 8 ],
          "attributes": {
            "src": "/home/kamalesh/librelane/designs/vedic_koggestone_modn_counter/src/vedic_koggestone_modn_counter.v:10.17-10.28"
          }
        },
        "count_out_5": {
          "hide_name": 0,
          "bits": [ 9 ],
          "attributes": {
            "src": "/home/kamalesh/librelane/designs/vedic_koggestone_modn_counter/src/vedic_koggestone_modn_counter.v:11.17-11.28"
          }
        },
        "count_out_6": {
          "hide_name": 0,
          "bits": [ 10 ],
          "attributes": {
            "src": "/home/kamalesh/librelane/designs/vedic_koggestone_modn_counter/src/vedic_koggestone_modn_counter.v:12.17-12.28"
          }
        },
        "count_out_7": {
          "hide_name": 0,
          "bits": [ 11 ],
          "attributes": {
            "src": "/home/kamalesh/librelane/designs/vedic_koggestone_modn_counter/src/vedic_koggestone_modn_counter.v:13.17-13.28"
          }
        },
        "register_inst.next_value": {
          "hide_name": 0,
          "bits": [ 66, 67, 68, 69, 70, 71, 72, 73 ],
          "attributes": {
            "hdlname": "register_inst next_value",
            "src": "/home/kamalesh/librelane/designs/vedic_koggestone_modn_counter/src/mod_n_cntrblock.v:10.16-10.26"
          }
        },
        "rst": {
          "hide_name": 0,
          "bits": [ 3 ],
          "attributes": {
            "src": "/home/kamalesh/librelane/designs/vedic_koggestone_modn_counter/src/vedic_koggestone_modn_counter.v:5.17-5.20"
          }
        }
      }
    }
  }
}
