{
	"design__max_slew_violation__count__corner:nom_typ_1p20V_25C": 0,
	"design__max_fanout_violation__count__corner:nom_typ_1p20V_25C": 0,
	"design__max_cap_violation__count__corner:nom_typ_1p20V_25C": 0,
	"power__internal__total": 6.38202e-05,
	"power__switching__total": 8.05973e-06,
	"power__leakage__total": 1.59428e-08,
	"power__total": 7.18959e-05,
	"clock__skew__worst_hold__corner:nom_typ_1p20V_25C": -0.250578,
	"clock__skew__worst_setup__corner:nom_typ_1p20V_25C": 0.250605,
	"timing__hold__ws__corner:nom_typ_1p20V_25C": 0.484925,
	"timing__setup__ws__corner:nom_typ_1p20V_25C": 7.18016,
	"timing__hold__tns__corner:nom_typ_1p20V_25C": 0,
	"timing__setup__tns__corner:nom_typ_1p20V_25C": 0,
	"timing__hold__wns__corner:nom_typ_1p20V_25C": 0,
	"timing__setup__wns__corner:nom_typ_1p20V_25C": 0,
	"timing__hold_vio__count__corner:nom_typ_1p20V_25C": 0,
	"timing__hold_r2r__ws__corner:nom_typ_1p20V_25C": 0.484925,
	"timing__hold_r2r_vio__count__corner:nom_typ_1p20V_25C": 0,
	"timing__setup_vio__count__corner:nom_typ_1p20V_25C": 0,
	"timing__setup_r2r__ws__corner:nom_typ_1p20V_25C": 7.76557,
	"timing__setup_r2r_vio__count__corner:nom_typ_1p20V_25C": 0,
	"flow__warnings__count": 0,
	"flow__errors__count": 0
}