{
    "time": {
        "cpu_time_user": "00:00:00.390",
        "cpu_time_system": "00:00:00.040",
        "runtime": "00:00:00.504",
        "cpu_time_iowait": "00:00:00.000"
    },
    "peak_resources": {
        "cpu_percent": 107.2,
        "memory_rss": "136MiB",
        "memory_vms": "307MiB",
        "threads": 1
    },
    "avg_resources": {
        "cpu_percent": 60.88571428571428,
        "memory_rss": "63MiB",
        "memory_vms": "159MiB",
        "threads": 0.8571428571428571
    }
}