{
    "time": {
        "cpu_time_user": "00:00:03.560",
        "cpu_time_system": "00:00:00.070",
        "runtime": "00:00:03.649",
        "cpu_time_iowait": "00:00:00.000"
    },
    "peak_resources": {
        "cpu_percent": 109.6,
        "memory_rss": "219MiB",
        "memory_vms": "231MiB",
        "threads": 1
    },
    "avg_resources": {
        "cpu_percent": 94.18947368421048,
        "memory_rss": "129MiB",
        "memory_vms": "141MiB",
        "threads": 0.9736842105263158
    }
}