{
    "time": {
        "cpu_time_user": "00:00:01.340",
        "cpu_time_system": "00:00:00.190",
        "runtime": "00:00:01.708",
        "cpu_time_iowait": "00:00:00.000"
    },
    "peak_resources": {
        "cpu_percent": 109.5,
        "memory_rss": "111MiB",
        "memory_vms": "132MiB",
        "threads": 2
    },
    "avg_resources": {
        "cpu_percent": 80.1842105263158,
        "memory_rss": "66MiB",
        "memory_vms": "82MiB",
        "threads": 1.631578947368421
    }
}