{
    "time": {
        "cpu_time_user": "00:01:56.090",
        "cpu_time_system": "00:00:00.140",
        "runtime": "00:01:56.321",
        "cpu_time_iowait": "00:00:00.000"
    },
    "peak_resources": {
        "cpu_percent": 109.7,
        "memory_rss": "295MiB",
        "memory_vms": "307MiB",
        "threads": 1
    },
    "avg_resources": {
        "cpu_percent": 99.7488734835365,
        "memory_rss": "231MiB",
        "memory_vms": "243MiB",
        "threads": 0.9991334488734835
    }
}