Metric,Value
design__lint_error__count,0
design__lint_timing_construct__count,0
design__lint_warning__count,2
design__inferred_latch__count,0
design__instance__count,13092
design__instance__area,165582
design__instance_unmapped__count,0
synthesis__check_error__count,0
design__max_slew_violation__count__corner:nom_fast_1p32V_m40C,0
design__max_fanout_violation__count__corner:nom_fast_1p32V_m40C,0
design__max_cap_violation__count__corner:nom_fast_1p32V_m40C,0
power__internal__total,0.0000638349010841921
power__switching__total,0.00000843354246171657
power__leakage__total,0.000010257023859594483
power__total,0.00008252546831499785
clock__skew__worst_hold__corner:nom_fast_1p32V_m40C,-0.25096758714890166
clock__skew__worst_setup__corner:nom_fast_1p32V_m40C,0.2509811041146088
timing__hold__ws__corner:nom_fast_1p32V_m40C,0.24048111405110512
timing__setup__ws__corner:nom_fast_1p32V_m40C,7.379587816367774
timing__hold__tns__corner:nom_fast_1p32V_m40C,0.0
timing__setup__tns__corner:nom_fast_1p32V_m40C,0.0
timing__hold__wns__corner:nom_fast_1p32V_m40C,0
timing__setup__wns__corner:nom_fast_1p32V_m40C,0.0
timing__hold_vio__count__corner:nom_fast_1p32V_m40C,0
timing__hold_r2r__ws__corner:nom_fast_1p32V_m40C,0.240481
timing__hold_r2r_vio__count__corner:nom_fast_1p32V_m40C,0
timing__setup_vio__count__corner:nom_fast_1p32V_m40C,0
timing__setup_r2r__ws__corner:nom_fast_1p32V_m40C,8.413772
timing__setup_r2r_vio__count__corner:nom_fast_1p32V_m40C,0
design__max_slew_violation__count__corner:nom_slow_1p08V_125C,0
design__max_fanout_violation__count__corner:nom_slow_1p08V_125C,0
design__max_cap_violation__count__corner:nom_slow_1p08V_125C,0
clock__skew__worst_hold__corner:nom_slow_1p08V_125C,-0.25125330305236954
clock__skew__worst_setup__corner:nom_slow_1p08V_125C,0.25126595959520825
timing__hold__ws__corner:nom_slow_1p08V_125C,0.9251002448152861
timing__setup__ws__corner:nom_slow_1p08V_125C,6.554310169010366
timing__hold__tns__corner:nom_slow_1p08V_125C,0.0
timing__setup__tns__corner:nom_slow_1p08V_125C,0.0
timing__hold__wns__corner:nom_slow_1p08V_125C,0
timing__setup__wns__corner:nom_slow_1p08V_125C,0.0
timing__hold_vio__count__corner:nom_slow_1p08V_125C,0
timing__hold_r2r__ws__corner:nom_slow_1p08V_125C,0.925100
timing__hold_r2r_vio__count__corner:nom_slow_1p08V_125C,0
timing__setup_vio__count__corner:nom_slow_1p08V_125C,0
timing__setup_r2r__ws__corner:nom_slow_1p08V_125C,6.554310
timing__setup_r2r_vio__count__corner:nom_slow_1p08V_125C,0
design__max_slew_violation__count__corner:nom_typ_1p20V_25C,0
design__max_fanout_violation__count__corner:nom_typ_1p20V_25C,0
design__max_cap_violation__count__corner:nom_typ_1p20V_25C,0
clock__skew__worst_hold__corner:nom_typ_1p20V_25C,-0.25106800682431907
clock__skew__worst_setup__corner:nom_typ_1p20V_25C,0.2510810797008038
timing__hold__ws__corner:nom_typ_1p20V_25C,0.4843512394918775
timing__setup__ws__corner:nom_typ_1p20V_25C,7.188367882179577
timing__hold__tns__corner:nom_typ_1p20V_25C,0.0
timing__setup__tns__corner:nom_typ_1p20V_25C,0.0
timing__hold__wns__corner:nom_typ_1p20V_25C,0
timing__setup__wns__corner:nom_typ_1p20V_25C,0.0
timing__hold_vio__count__corner:nom_typ_1p20V_25C,0
timing__hold_r2r__ws__corner:nom_typ_1p20V_25C,0.484351
timing__hold_r2r_vio__count__corner:nom_typ_1p20V_25C,0
timing__setup_vio__count__corner:nom_typ_1p20V_25C,0
timing__setup_r2r__ws__corner:nom_typ_1p20V_25C,7.748748
timing__setup_r2r_vio__count__corner:nom_typ_1p20V_25C,0
design__max_slew_violation__count,0
design__max_fanout_violation__count,0
design__max_cap_violation__count,0
clock__skew__worst_hold,-0.25096758714890166
clock__skew__worst_setup,0.2509811041146088
timing__hold__ws,0.24048111405110512
timing__setup__ws,6.554310169010366
timing__hold__tns,0.0
timing__setup__tns,0.0
timing__hold__wns,0
timing__setup__wns,0.0
timing__hold_vio__count,0
timing__hold_r2r__ws,0.240481
timing__hold_r2r_vio__count,0
timing__setup_vio__count,0
timing__setup_r2r__ws,6.554310
timing__setup_r2r_vio__count,0
design__die__bbox,0.0 0.0 600.0 600.0
design__core__bbox,19.2 151.2 580.8 446.04
design__io,12
design__die__area,360000
design__core__area,165582
design__instance__count__stdcell,55
design__instance__area__stdcell,999.734
design__instance__count__macros,0
design__instance__area__macros,0
design__instance__count__padcells,0
design__instance__area__padcells,0
design__instance__count__cover,0
design__instance__area__cover,0
design__instance__utilization,0.00603769
design__instance__utilization__stdcell,0.00603769
design__rows,78
design__rows:CoreSite,78
design__sites,91260
design__sites:CoreSite,91260
design__instance__count__class:inverter,2
design__instance__area__class:inverter,10.8864
design__instance__count__class:sequential_cell,8
design__instance__area__class:sequential_cell,406.426
design__instance__count__class:multi_input_combinational_cell,19
design__instance__area__class:multi_input_combinational_cell,215.914
flow__warnings__count,1
flow__errors__count,0
design__power_grid_violation__count__net:VGND,0
design__power_grid_violation__count__net:VPWR,0
design__power_grid_violation__count,0
timing__drv__floating__nets,0
timing__drv__floating__pins,0
design__instance__displacement__total,0
design__instance__displacement__mean,0
design__instance__displacement__max,0
route__wirelength__estimated,3386.92
design__violations,0
design__instance__count__class:timing_repair_buffer,23
design__instance__area__class:timing_repair_buffer,295.747
design__instance__count__class:clock_buffer,3
design__instance__area__class:clock_buffer,70.7616
design__instance__count__setup_buffer,0
design__instance__count__hold_buffer,14
global_route__vias,357
global_route__wirelength,4315
antenna__violating__nets,3
antenna__violating__pins,3
route__antenna_violation__count,3
antenna_diodes_count,0
route__net,57
route__net__special,2
route__drc_errors__iter:0,6
route__wirelength__iter:0,3435
route__drc_errors__iter:1,3
route__wirelength__iter:1,3427
route__drc_errors__iter:2,0
route__wirelength__iter:2,3431
route__drc_errors,0
route__wirelength,3431
route__vias,312
route__vias__singlecut,312
route__vias__multicut,0
design__disconnected_pin__count,0
design__critical_disconnected_pin__count,0
route__wirelength__max,601.47
design__instance__count__class:fill_cell,13037
design__instance__area__class:fill_cell,164582
timing__unannotated_net__count__corner:nom_fast_1p32V_m40C,0
timing__unannotated_net_filtered__count__corner:nom_fast_1p32V_m40C,0
timing__unannotated_net__count__corner:nom_slow_1p08V_125C,0
timing__unannotated_net_filtered__count__corner:nom_slow_1p08V_125C,0
timing__unannotated_net__count__corner:nom_typ_1p20V_25C,0
timing__unannotated_net_filtered__count__corner:nom_typ_1p20V_25C,0
timing__unannotated_net__count,0
timing__unannotated_net_filtered__count,0
design_powergrid__voltage__worst__net:VPWR__corner:nom_typ_1p20V_25C,1.1998
design_powergrid__drop__average__net:VPWR__corner:nom_typ_1p20V_25C,1.2
design_powergrid__drop__worst__net:VPWR__corner:nom_typ_1p20V_25C,0.000198298
design_powergrid__voltage__worst__net:VGND__corner:nom_typ_1p20V_25C,0.000176254
design_powergrid__drop__average__net:VGND__corner:nom_typ_1p20V_25C,0.00000407472
design_powergrid__drop__worst__net:VGND__corner:nom_typ_1p20V_25C,0.000176254
design_powergrid__voltage__worst,0.000176254
design_powergrid__voltage__worst__net:VPWR,1.1998
design_powergrid__drop__worst,0.000198298
design_powergrid__drop__worst__net:VPWR,0.000198298
design_powergrid__voltage__worst__net:VGND,0.000176254
design_powergrid__drop__worst__net:VGND,0.000176254
ir__voltage__worst,1.1999999999999999555910790149937383830547332763671875
ir__drop__avg,0.000004289999999999999583523251078798210755849140696227550506591796875
ir__drop__worst,0.0001979999999999999880755108261354280330124311149120330810546875
design__xor_difference__count,0
magic__drc_error__count,0
klayout__drc_error__count,0
magic__illegal_overlap__count,0
design__lvs_device_difference__count,0
design__lvs_net_difference__count,0
design__lvs_property_fail__count,0
design__lvs_error__count,0
design__lvs_unmatched_device__count,0
design__lvs_unmatched_net__count,0
design__lvs_unmatched_pin__count,0
