{
    "time": {
        "cpu_time_user": "00:00:09.640",
        "cpu_time_system": "00:00:00.060",
        "runtime": "00:00:09.802",
        "cpu_time_iowait": "00:00:00.000"
    },
    "peak_resources": {
        "cpu_percent": 109.6,
        "memory_rss": "140MiB",
        "memory_vms": "310MiB",
        "threads": 1
    },
    "avg_resources": {
        "cpu_percent": 97.16363636363639,
        "memory_rss": "118MiB",
        "memory_vms": "289MiB",
        "threads": 0.98989898989899
    }
}