{
    "json_h": "/home/kamalesh/librelane/designs/vedic_koggestone_modn_counter/runs/RUN_2025-10-26_17-23-28/05-yosys-jsonheader/vedic_koggestone_modn_counter.h.json",
    "nl": "/home/kamalesh/librelane/designs/vedic_koggestone_modn_counter/runs/RUN_2025-10-26_17-23-28/35-openroad-cts/vedic_koggestone_modn_counter.nl.v",
    "sdf": {
        "nom_fast_1p32V_m40C": "/home/kamalesh/librelane/designs/vedic_koggestone_modn_counter/runs/RUN_2025-10-26_17-23-28/12-openroad-staprepnr/nom_fast_1p32V_m40C/vedic_koggestone_modn_counter__nom_fast_1p32V_m40C.sdf",
        "nom_slow_1p08V_125C": "/home/kamalesh/librelane/designs/vedic_koggestone_modn_counter/runs/RUN_2025-10-26_17-23-28/12-openroad-staprepnr/nom_slow_1p08V_125C/vedic_koggestone_modn_counter__nom_slow_1p08V_125C.sdf",
        "nom_typ_1p20V_25C": "/home/kamalesh/librelane/designs/vedic_koggestone_modn_counter/runs/RUN_2025-10-26_17-23-28/12-openroad-staprepnr/nom_typ_1p20V_25C/vedic_koggestone_modn_counter__nom_typ_1p20V_25C.sdf"
    },
    "odb": "/home/kamalesh/librelane/designs/vedic_koggestone_modn_counter/runs/RUN_2025-10-26_17-23-28/35-openroad-cts/vedic_koggestone_modn_counter.odb",
    "def": "/home/kamalesh/librelane/designs/vedic_koggestone_modn_counter/runs/RUN_2025-10-26_17-23-28/35-openroad-cts/vedic_koggestone_modn_counter.def",
    "sdc": "/home/kamalesh/librelane/designs/vedic_koggestone_modn_counter/runs/RUN_2025-10-26_17-23-28/35-openroad-cts/vedic_koggestone_modn_counter.sdc",
    "pnl": "/home/kamalesh/librelane/designs/vedic_koggestone_modn_counter/runs/RUN_2025-10-26_17-23-28/35-openroad-cts/vedic_koggestone_modn_counter.pnl.v",
    "vh": "/home/kamalesh/librelane/designs/vedic_koggestone_modn_counter/runs/RUN_2025-10-26_17-23-28/29-odb-writeverilogheader/vedic_koggestone_modn_counter.vh",
    "metrics": {
        "design__lint_error__count": 0,
        "design__lint_timing_construct__count": 0,
        "design__lint_warning__count": 2,
        "design__inferred_latch__count": 0,
        "design__instance__count": 41,
        "design__instance__area": 771.12,
        "design__instance_unmapped__count": 0,
        "synthesis__check_error__count": 0,
        "design__max_slew_violation__count__corner:nom_fast_1p32V_m40C": 0,
        "design__max_fanout_violation__count__corner:nom_fast_1p32V_m40C": 0,
        "design__max_cap_violation__count__corner:nom_fast_1p32V_m40C": 0,
        "power__internal__total": 4.09955e-05,
        "power__switching__total": 0,
        "power__leakage__total": 7.36383e-09,
        "power__total": 4.10028e-05,
        "clock__skew__worst_hold__corner:nom_fast_1p32V_m40C": -0.25,
        "clock__skew__worst_setup__corner:nom_fast_1p32V_m40C": 0.25,
        "timing__hold__ws__corner:nom_fast_1p32V_m40C": -0.03594222243785221,
        "timing__setup__ws__corner:nom_fast_1p32V_m40C": 7.546867344665084,
        "timing__hold__tns__corner:nom_fast_1p32V_m40C": -0.1646450244965166,
        "timing__setup__tns__corner:nom_fast_1p32V_m40C": 0,
        "timing__hold__wns__corner:nom_fast_1p32V_m40C": -0.03594222243785221,
        "timing__setup__wns__corner:nom_fast_1p32V_m40C": 0,
        "timing__hold_vio__count__corner:nom_fast_1p32V_m40C": 7,
        "timing__hold_r2r__ws__corner:nom_fast_1p32V_m40C": -0.035942,
        "timing__hold_r2r_vio__count__corner:nom_fast_1p32V_m40C": 7,
        "timing__setup_vio__count__corner:nom_fast_1p32V_m40C": 0,
        "timing__setup_r2r__ws__corner:nom_fast_1p32V_m40C": 9.187479,
        "timing__setup_r2r_vio__count__corner:nom_fast_1p32V_m40C": 0,
        "design__max_slew_violation__count__corner:nom_slow_1p08V_125C": 0,
        "design__max_fanout_violation__count__corner:nom_slow_1p08V_125C": 0,
        "design__max_cap_violation__count__corner:nom_slow_1p08V_125C": 0,
        "clock__skew__worst_hold__corner:nom_slow_1p08V_125C": -0.25,
        "clock__skew__worst_setup__corner:nom_slow_1p08V_125C": 0.25,
        "timing__hold__ws__corner:nom_slow_1p08V_125C": 0.23534280745878935,
        "timing__setup__ws__corner:nom_slow_1p08V_125C": 7.321099933508741,
        "timing__hold__tns__corner:nom_slow_1p08V_125C": 0,
        "timing__setup__tns__corner:nom_slow_1p08V_125C": 0,
        "timing__hold__wns__corner:nom_slow_1p08V_125C": 0,
        "timing__setup__wns__corner:nom_slow_1p08V_125C": 0,
        "timing__hold_vio__count__corner:nom_slow_1p08V_125C": 0,
        "timing__hold_r2r__ws__corner:nom_slow_1p08V_125C": 0.235343,
        "timing__hold_r2r_vio__count__corner:nom_slow_1p08V_125C": 0,
        "timing__setup_vio__count__corner:nom_slow_1p08V_125C": 0,
        "timing__setup_r2r__ws__corner:nom_slow_1p08V_125C": 8.409784,
        "timing__setup_r2r_vio__count__corner:nom_slow_1p08V_125C": 0,
        "design__max_slew_violation__count__corner:nom_typ_1p20V_25C": 0,
        "design__max_fanout_violation__count__corner:nom_typ_1p20V_25C": 0,
        "design__max_cap_violation__count__corner:nom_typ_1p20V_25C": 0,
        "clock__skew__worst_hold__corner:nom_typ_1p20V_25C": -0.250306,
        "clock__skew__worst_setup__corner:nom_typ_1p20V_25C": 0.250325,
        "timing__hold__ws__corner:nom_typ_1p20V_25C": 0.0914732,
        "timing__setup__ws__corner:nom_typ_1p20V_25C": 7.36627,
        "timing__hold__tns__corner:nom_typ_1p20V_25C": 0,
        "timing__setup__tns__corner:nom_typ_1p20V_25C": 0,
        "timing__hold__wns__corner:nom_typ_1p20V_25C": 0,
        "timing__setup__wns__corner:nom_typ_1p20V_25C": 0,
        "timing__hold_vio__count__corner:nom_typ_1p20V_25C": 0,
        "timing__hold_r2r__ws__corner:nom_typ_1p20V_25C": 0.091473,
        "timing__hold_r2r_vio__count__corner:nom_typ_1p20V_25C": 0,
        "timing__setup_vio__count__corner:nom_typ_1p20V_25C": 0,
        "timing__setup_r2r__ws__corner:nom_typ_1p20V_25C": 8.8499,
        "timing__setup_r2r_vio__count__corner:nom_typ_1p20V_25C": 0,
        "design__max_slew_violation__count": 0,
        "design__max_fanout_violation__count": 0,
        "design__max_cap_violation__count": 0,
        "clock__skew__worst_hold": -0.250306,
        "clock__skew__worst_setup": 0.250325,
        "timing__hold__ws": 0.0914732,
        "timing__setup__ws": 7.36627,
        "timing__hold__tns": 0,
        "timing__setup__tns": 0,
        "timing__hold__wns": 0,
        "timing__setup__wns": 0,
        "timing__hold_vio__count": 0,
        "timing__hold_r2r__ws": 0.091473,
        "timing__hold_r2r_vio__count": 0,
        "timing__setup_vio__count": 0,
        "timing__setup_r2r__ws": 8.8499,
        "timing__setup_r2r_vio__count": 0,
        "design__die__bbox": "0.0 0.0 600.0 600.0",
        "design__core__bbox": "19.2 151.2 580.8 446.04",
        "design__io": 12,
        "design__die__area": 360000,
        "design__core__area": 165582,
        "design__instance__count__stdcell": 41,
        "design__instance__area__stdcell": 771.12,
        "design__instance__count__macros": 0,
        "design__instance__area__macros": 0,
        "design__instance__count__padcells": 0,
        "design__instance__area__padcells": 0,
        "design__instance__count__cover": 0,
        "design__instance__area__cover": 0,
        "design__instance__utilization": 0.00465702,
        "design__instance__utilization__stdcell": 0.00465702,
        "design__rows": 78,
        "design__rows:CoreSite": 78,
        "design__sites": 91260,
        "design__sites:CoreSite": 91260,
        "design__instance__count__class:inverter": 2,
        "design__instance__area__class:inverter": 10.8864,
        "design__instance__count__class:sequential_cell": 8,
        "design__instance__area__class:sequential_cell": 406.426,
        "design__instance__count__class:multi_input_combinational_cell": 19,
        "design__instance__area__class:multi_input_combinational_cell": 215.914,
        "flow__warnings__count": 0,
        "flow__errors__count": 0,
        "design__power_grid_violation__count__net:VGND": 0,
        "design__power_grid_violation__count__net:VPWR": 0,
        "design__power_grid_violation__count": 0,
        "timing__drv__floating__nets": 0,
        "timing__drv__floating__pins": 0,
        "design__instance__displacement__total": 28.055,
        "design__instance__displacement__mean": 0.684,
        "design__instance__displacement__max": 7.434,
        "route__wirelength__estimated": 3168.18,
        "design__violations": 0,
        "design__instance__count__class:timing_repair_buffer": 9,
        "design__instance__area__class:timing_repair_buffer": 67.1328,
        "design__instance__count__class:clock_buffer": 3,
        "design__instance__area__class:clock_buffer": 70.7616
    }
}