{
   "creator": "Yosys 0.54 (git sha1 db72ec3bde296a9512b2d1e6fabf81cfb07c2c1b, clang++ 19.1.7 -fPIC -O3)",
   "invocation": "stat -json -liberty /home/kamalesh/librelane/designs/vedic_koggestone_modn_counter/runs/RUN_2025-10-26_17-23-28/tmp/3b0dff068cf74ac29e60553ab9833740.lib ",
   "modules": {
      "\\vedic_koggestone_modn_counter": {
         "num_wires":         51,
         "num_wire_bits":     58,
         "num_pub_wires":     11,
         "num_pub_wire_bits": 18,
         "num_ports":         10,
         "num_port_bits":     10,
         "num_memories":      0,
         "num_memory_bits":   0,
         "num_processes":     0,
         "num_cells":         56,
         "num_cells_by_type": {
            "$_ANDNOT_": 15,
            "$_AND_": 1,
            "$_DFF_PN0_": 8,
            "$_NAND_": 3,
            "$_NOR_": 1,
            "$_NOT_": 4,
            "$_ORNOT_": 3,
            "$_OR_": 9,
            "$_XNOR_": 2,
            "$_XOR_": 10
         }
      }
   },
      "design": {
         "num_wires":         51,
         "num_wire_bits":     58,
         "num_pub_wires":     11,
         "num_pub_wire_bits": 18,
         "num_ports":         10,
         "num_port_bits":     10,
         "num_memories":      0,
         "num_memory_bits":   0,
         "num_processes":     0,
         "num_cells":         56,
         "num_cells_by_type": {
            "$_ANDNOT_": 15,
            "$_AND_": 1,
            "$_DFF_PN0_": 8,
            "$_NAND_": 3,
            "$_NOR_": 1,
            "$_NOT_": 4,
            "$_ORNOT_": 3,
            "$_OR_": 9,
            "$_XNOR_": 2,
            "$_XOR_": 10
         }
      }
}

