{
   "creator": "Yosys 0.54 (git sha1 db72ec3bde296a9512b2d1e6fabf81cfb07c2c1b, clang++ 19.1.7 -fPIC -O3)",
   "invocation": "stat -json -liberty /home/kamalesh/librelane/designs/vedic_koggestone_modn_counter/runs/RUN_2025-10-26_17-23-28/tmp/3b0dff068cf74ac29e60553ab9833740.lib ",
   "modules": {
      "\\vedic_koggestone_modn_counter": {
         "num_wires":         31,
         "num_wire_bits":     31,
         "num_pub_wires":     18,
         "num_pub_wire_bits": 18,
         "num_ports":         10,
         "num_port_bits":     10,
         "num_memories":      0,
         "num_memory_bits":   0,
         "num_processes":     0,
         "num_cells":         29,
         "area":              618.710400,
         "num_cells_by_type": {
            "sg13g2_a21o_1": 1,
            "sg13g2_a21oi_1": 1,
            "sg13g2_a221oi_1": 1,
            "sg13g2_and2_1": 2,
            "sg13g2_and3_1": 1,
            "sg13g2_and4_1": 2,
            "sg13g2_dfrbpq_1": 8,
            "sg13g2_inv_1": 2,
            "sg13g2_nand2_1": 1,
            "sg13g2_nand3_1": 3,
            "sg13g2_nor2_1": 1,
            "sg13g2_nor3_1": 1,
            "sg13g2_nor4_1": 1,
            "sg13g2_xnor2_1": 2,
            "sg13g2_xor2_1": 2
         }
      }
   },
      "design": {
         "num_wires":         31,
         "num_wire_bits":     31,
         "num_pub_wires":     18,
         "num_pub_wire_bits": 18,
         "num_ports":         10,
         "num_port_bits":     10,
         "num_memories":      0,
         "num_memory_bits":   0,
         "num_processes":     0,
         "num_cells":         29,
         "area":              618.710400,
         "num_cells_by_type": {
            "sg13g2_a21o_1": 1,
            "sg13g2_a21oi_1": 1,
            "sg13g2_a221oi_1": 1,
            "sg13g2_and2_1": 2,
            "sg13g2_and3_1": 1,
            "sg13g2_and4_1": 2,
            "sg13g2_dfrbpq_1": 8,
            "sg13g2_inv_1": 2,
            "sg13g2_nand2_1": 1,
            "sg13g2_nand3_1": 3,
            "sg13g2_nor2_1": 1,
            "sg13g2_nor3_1": 1,
            "sg13g2_nor4_1": 1,
            "sg13g2_xnor2_1": 2,
            "sg13g2_xor2_1": 2
         }
      }
}

